id;name;remark
1;Tactics archive Handmade;../fake-data/blob/hipster.txt
2;Buckinghamshire Front-line;../fake-data/blob/hipster.txt
3;Programmable payment;../fake-data/blob/hipster.txt
4;e-business;../fake-data/blob/hipster.txt
5;Synergistic channels Senegal;../fake-data/blob/hipster.txt
6;applications Sports best-of-breed;../fake-data/blob/hipster.txt
7;customized;../fake-data/blob/hipster.txt
8;Field copying;../fake-data/blob/hipster.txt
9;Forward circuit Computer;../fake-data/blob/hipster.txt
10;Bacon;../fake-data/blob/hipster.txt
